1FIS05,1FIS04
INF250,INF248
1MAT09,1MAT08
INF295,INF245
INF320,INF282
INF371,INF263
1INF06,INF144
IEE229,1FIS06
INF370,INF391
INF226,1FIS07
INF134,1MAT07
INF370,1MAT06
INF391,INF245
INF281,1INF06
INF263,INF144
INF388,INF282
INF372,INF282
INF273,INF245
1MAT07,1MAT04
1INF04,1EST14
1MAT08,1MAT07
IND273,IND231
MAT237,INF144
INF378,INF274
INF388,INF245
INF377,INF245
INF239,IEE240
INF370,INF134
IEE229,INF134
INF238,TEL201
MAT237,1MAT09
INF370,INF250
INF353,INF245
1FIS02,1FIS01
1EST14,INF245
1INF01,1FIS02
INF238,INF239
1FIS04,1FIS03
INF250,INF281
INF342,INF245
INF227,INF226
1INF03,EST218
1INF04,INF245
INF008,INF248
IND273,INF291
1FIS07,1FIS06
INF377,1EST14
IND275,IND231
INF388,INF281
INF370,INF245
INF355,INF238
1FIS06,1FIS04
INF295,IND231
1INF03,INF265
MAT237,1MAT07
INF388,1MAT06
INF380,INF008
1INF02,INF265
INF245,INF250
INF370,1FIS02
INF353,INF238
INF378,INF282
INF310,INF282
INF282,INF281
INF274,INF238
INF309,INF282
INF144,1INF01
1FIS06,1FIS05
INF370,1INF03
INF378,INF282
INF248,INF246
IND281,INF265
INF265,INF263
INF388,INF008
1FIS03,1FIS02
INF388,1FIS04
INF388,INF134
1MAT07,1MAT06
1QUI02,1QUI01
IND281,IND273
INF371,INF282
1EST14,EST218
INF388,INF274
INF388,INF371
1LIN16,1LIN15
1FIS02,1MAT06
1FIS04,1FIS02
1ING02,1MAT04
INF357,INF245
INF388,INF392
INF391,1EST14
INF389,INF245
INF370,1MAT09
INF392,INF391
INF320,INF245
1MAT06,1MAT04
1INF06,INF263
INF226,INF245
EST218,1MAT07
INF617,INF245
INF291,IND251
INF234,IND231
TEL201,IEE240
INF281,INF263
INF239,INF281
INF274,INF246
INF248,INF291
1MAT06,1MAT05
INF379,INF392
INF245,INF282
INF226,INF265
IEE240,IEE229
