INF295,INF245
INF238,TEL201
INF309,INF282
INF265,INF263
1MAT08,1MAT07
1FIS04,1MAT07
IND275,IND231
INF282,INF281
1FIS02,1FIS01
INF239,INF281
1QUI02,1QUI01
INF357,INF245
1MAT06,1MAT05
1INF06,INF144
INF391,INF245
INF320,INF245
INF008,INF248
INF248,INF291
INF144,1INF01
IND281,INF265
1INF02,INF265
INF320,INF282
MAT237,1MAT09
1FIS06,1FIS04
INF274,INF238
IEE229,1FIS06
EST218,1MAT07
INF388,INF281
INF134,1MAT07
INF377,INF245
1LIN16,1LIN15
INF389,INF245
INF226,1EST14
INF378,INF282
IEE229,INF134
1FIS06,1FIS05
1EST14,EST218
1FIS07,1FIS06
INF353,INF245
INF250,INF281
INF295,IND231
INF310,INF282
INF238,INF239
1INF04,INF245
INF392,INF391
INF281,1INF06
INF226,INF245
INF291,IND251
INF250,INF248
1INF03,1EST14
INF388,INF245
1FIS05,1FIS04
INF263,INF144
1INF01,1FIS02
TEL201,IEE240
IEE240,IEE229
INF239,IEE240
INF274,INF246
1EST14,INF245
INF248,INF246
IND273,INF291
INF342,INF245
INF234,IND231
INF370,INF245
INF388,INF134
INF391,1EST14
1FIS03,1FIS02
IND281,IND273
INF388,1MAT06
IEE229,1FIS07
INF371,INF263
1MAT09,1MAT08
INF355,INF238
INF273,INF245
MAT237,INF144
INF245,INF250
1ING02,1MAT04
INF371,INF282
1INF03,EST218
1MAT07,1MAT04
1INF03,INF265
1MAT06,1MAT04
INF378,INF282
INF353,INF238
1FIS04,1FIS02
IND273,IND231
INF617,INF245
INF226,INF265
1FIS04,1FIS03
INF281,INF263
INF372,INF282
1INF06,INF263
INF227,INF226
1MAT07,1MAT06
1FIS02,1MAT06
INF245,INF282
